{
    "src/addons/MinecraftAvatars/addon.json": "3d594e5477950cc7549fa23b8bcadb6483f49cab6591b43c7ff398b2e2ef7f4f",
    "src/addons/MinecraftAvatars/ExtendUserEntity.php": "cc9066ea9ce522f25f82f4b7fead6eda04d9d89247d8f7153af215f2380af3e8",
    "src/addons/MinecraftAvatars/icon.png": "1f5bd29a66e6265188a087ecdd5bf73680c08c2184b23e799b451b91bfe5746e",
    "src/addons/MinecraftAvatars/LICENSE": "589ed823e9a84c56feb95ac58e7cf384626b9cbf4fda2a907bc36e103de1bad2",
    "src/addons/MinecraftAvatars/MinecraftAvatarsHelper.php": "5812e2f11004d260396a92ee94dba090d8449fd4d7d22f8073e0f0296ed8d659",
    "src/addons/MinecraftAvatars/MojangAPI.php": "b2119f5aef4e4389c5d91a0a08fde34ede2c08fec2112324823ff4adb0882d0c",
    "src/addons/MinecraftAvatars/Setup.php": "a26b6395ff596554f6491a7eccf01503fee685b0c6605ab7cd1e69efbeb9aad7",
    "src/addons/MinecraftAvatars/XF/Entity/User.php": "901dd4c38750cfa50f601b215b4eab1ebc23a038ab9dcd21084aba25d737e7f6",
    "src/addons/MinecraftAvatars/XF/Pub/Controller/Account.php": "b612ec2695c087a237e304efd60d5e79a50e0125ccfc4c452530fbdf59b33aaf",
    "src/addons/MinecraftAvatars/XF/Pub/Controller/Login.php": "a905c0ef394cf12811c714d865fcf465a9d41899e19d4fe641d91d03bd0a92f2",
    "src/addons/MinecraftAvatars/XF/Template/Templater.php": "7e72e1a32ea014f394aa562c2d0cadeeef6d7648acde9ab935b771bd88a18e8c",
    "src/addons/MinecraftAvatars/_data/class_extensions.xml": "c92a3f5b5a0ad21b2e7a18aeaeb9e4dba383abd30891f21871cdd88a27c8c680",
    "src/addons/MinecraftAvatars/_data/code_event_listeners.xml": "8be6985dcc1506be7fc2b0c79a3f062465f891b553a71a658ca612b3bf277682",
    "src/addons/MinecraftAvatars/_data/phrases.xml": "b673773948ca61038aed24e627345262081f2a41001ac4c9bcc544d75b6f0d1f",
    "src/addons/MinecraftAvatars/_data/template_modifications.xml": "6f015bb1de3a2c1504459ea768b953fbff90e0129eb3ebf2041bdead1885902d"
}